<gmd:MD_Metadata xmlns:gco="http://www.isotc211.org/2005/gco" xmlns:gmd="http://www.isotc211.org/2005/gmd" xmlns:gts="http://www.isotc211.org/2005/gts" xmlns:gml="http://www.opengis.net/gml" xmlns:xlink="http://www.w3.org/1999/xlink" xmlns="http://www.isotc211.org/2005/gmd">
  <gmd:fileIdentifier>
    <gco:CharacterString>0777d695-48c5-4750-e897-69ba60984165</gco:CharacterString>
  </gmd:fileIdentifier>
  <gmd:language>
    <gco:CharacterString>eng</gco:CharacterString>
  </gmd:language>
  <gmd:characterSet>
    <gmd:MD_CharacterSetCode codeList="http://asdd.ga.gov.au/asdd/profileinfo/gmxCodelists.xml#MD_CharacterSetCode" codeListValue="utf8">utf8</gmd:MD_CharacterSetCode>
  </gmd:characterSet>
  <gmd:hierarchyLevel>
    <gmd:MD_ScopeCode codeList="http://asdd.ga.gov.au/asdd/profileinfo/GAScopeCodeList.xml#MD_ScopeCode" codeListValue="dataset">dataset</gmd:MD_ScopeCode>
  </gmd:hierarchyLevel>
  <gmd:hierarchyLevelName>
    <gco:CharacterString>dataset</gco:CharacterString>
  </gmd:hierarchyLevelName>
  <gmd:contact>
    <gmd:CI_ResponsibleParty>
      <gmd:individualName>
        <gco:CharacterString/>
      </gmd:individualName>
      <gmd:organisationName>
        <gco:CharacterString>Toitū Te Whenua Land Information New Zealand</gco:CharacterString>
      </gmd:organisationName>
      <gmd:positionName>
        <gco:CharacterString>Lidar Coordination Manager</gco:CharacterString>
      </gmd:positionName>
      <gmd:contactInfo>
        <gmd:CI_Contact>
          <gmd:phone>
            <gmd:CI_Telephone>
              <gmd:voice>
                <gco:CharacterString>04 4600110</gco:CharacterString>
              </gmd:voice>
            </gmd:CI_Telephone>
          </gmd:phone>
          <gmd:address>
            <gmd:CI_Address>
              <gmd:deliveryPoint>
                <gco:CharacterString>155 The Terrace</gco:CharacterString>
              </gmd:deliveryPoint>
              <gmd:city>
                <gco:CharacterString>Wellington</gco:CharacterString>
              </gmd:city>
              <gmd:postalCode>
                <gco:CharacterString>6011</gco:CharacterString>
              </gmd:postalCode>
              <gmd:country>
                <gco:CharacterString>New Zealand</gco:CharacterString>
              </gmd:country>
              <gmd:electronicMailAddress>
                <gco:CharacterString>info@linz.govt.nz</gco:CharacterString>
              </gmd:electronicMailAddress>
            </gmd:CI_Address>
          </gmd:address>
        </gmd:CI_Contact>
      </gmd:contactInfo>
      <gmd:role>
        <gmd:CI_RoleCode codeList="http://asdd.ga.gov.au/asdd/profileinfo/gmxCodelists.xml#CI_RoleCode" codeListValue="pointOfContact">pointOfContact</gmd:CI_RoleCode>
      </gmd:role>
    </gmd:CI_ResponsibleParty>
  </gmd:contact>
  <gmd:dateStamp>
    <gco:Date>2024-07-02</gco:Date>
  </gmd:dateStamp>
  <gmd:metadataStandardName>
    <gco:CharacterString>ANZLIC Metadata Profile: An Australian/New Zealand Profile of AS/NZS ISO 19115:2005, Geographic information - Metadata</gco:CharacterString>
  </gmd:metadataStandardName>
  <gmd:metadataStandardVersion>
    <gco:CharacterString>1.1</gco:CharacterString>
  </gmd:metadataStandardVersion>
  <gmd:referenceSystemInfo>
    <gmd:MD_ReferenceSystem>
      <gmd:referenceSystemIdentifier>
        <gmd:RS_Identifier>
          <gmd:code>
            <gco:CharacterString>2193</gco:CharacterString>
          </gmd:code>
        </gmd:RS_Identifier>
      </gmd:referenceSystemIdentifier>
    </gmd:MD_ReferenceSystem>
  </gmd:referenceSystemInfo>
  <gmd:identificationInfo>
    <gmd:MD_DataIdentification>
      <gmd:citation>
        <gmd:CI_Citation>
          <gmd:title>
            <gco:CharacterString>Waikato LiDAR 1m DSM (2021)</gco:CharacterString>
          </gmd:title>
          <gmd:date>
            <gmd:CI_Date>
              <gmd:date>
                <gco:Date>2021-01-05</gco:Date>
              </gmd:date>
              <gmd:dateType>
                <gmd:CI_DateTypeCode codeList="http://asdd.ga.gov.au/asdd/profileinfo/gmxCodelists.xml#CI_DateTypeCode" codeListValue="creation">creation</gmd:CI_DateTypeCode>
              </gmd:dateType>
            </gmd:CI_Date>
          </gmd:date>
        </gmd:CI_Citation>
      </gmd:citation>
      <gmd:abstract>
        <gco:CharacterString>This layer contains the DSM for LiDAR data in the Waikato region, captured between 5 January and 26 March 2021.



- The DEM is available as layer [Waikato LiDAR 1m DEM (2021)](https://data.linz.govt.nz/layer/113203/)



- The index tiles are available as layer [Waikato LiDAR Index Tiles (2021)](https://data.linz.govt.nz/layer/113201/)



- The LAS point cloud and vendor project reports are available from [OpenTopography](https://portal.opentopography.org/dataCatalog?loc=New%20Zealand/)



Lidar was captured for the 10 Waikato Councils (Waikato Regional Council, Waikato District Council, Hauraki District Council, Thames Coromandel District Council, Matamata Piako District Council, Ōtorohanga District Council, South Waikato District Council, Taupō District Council, Waipā District Council and Waitomo District Council), and the project managed by Co-Lab (formerly Waikato LASS), and led by Waikato Regional Council. Data was captured by Ocean Infinity Ltd (formerly iXblue) from 5 January to 26 March 2021. The dataset was generated by Ocean Infinity and their subcontractors. Data management and distribution is by Toitū Te Whenua Land Information New Zealand.



Data comprises:


- DEM: tif or asc tiles in NZTM2000 projection, tiled into a 1:1,000 tile layout


- DSM: tif or asc tiles in NZTM2000 projection, tiled into a 1:1,000 tile layout


- Point cloud: las tiles in NZTM2000 projection, tiled into a 1:1,000 tile layout



Pulse density specification is at a minimum of 4 pulses/square metre



Vertical Accuracy Specification is +/- 0.2m (95%)

Horizontal Accuracy Specification is +/- 1.0m (95%)


Vertical datum is NZVD2016.</gco:CharacterString>
      </gmd:abstract>
      <gmd:status>
        <gmd:MD_ProgressCode codeList="http://asdd.ga.gov.au/asdd/profileinfo/gmxCodelists.xml#MD_ProgressCode" codeListValue="completed">completed</gmd:MD_ProgressCode>
      </gmd:status>
      <gmd:pointOfContact>
        <gmd:CI_ResponsibleParty>
          <gmd:individualName>
            <gco:CharacterString/>
          </gmd:individualName>
          <gmd:organisationName>
            <gco:CharacterString>Toitū Te Whenua Land Information New Zealand</gco:CharacterString>
          </gmd:organisationName>
          <gmd:positionName>
            <gco:CharacterString>Lidar Coordination Manager</gco:CharacterString>
          </gmd:positionName>
          <gmd:contactInfo>
            <gmd:CI_Contact>
              <gmd:phone>
                <gmd:CI_Telephone>
                  <gmd:voice>
                    <gco:CharacterString>04 4600110</gco:CharacterString>
                  </gmd:voice>
                  <gmd:facsimile>
                    <gco:CharacterString/>
                  </gmd:facsimile>
                </gmd:CI_Telephone>
              </gmd:phone>
              <gmd:address>
                <gmd:CI_Address>
                  <gmd:deliveryPoint>
                    <gco:CharacterString>155 The Terrace</gco:CharacterString>
                  </gmd:deliveryPoint>
                  <gmd:city>
                    <gco:CharacterString>Wellington</gco:CharacterString>
                  </gmd:city>
                  <gmd:administrativeArea>
                    <gco:CharacterString/>
                  </gmd:administrativeArea>
                  <gmd:postalCode>
                    <gco:CharacterString>6011</gco:CharacterString>
                  </gmd:postalCode>
                  <gmd:country>
                    <gco:CharacterString>New Zealand</gco:CharacterString>
                  </gmd:country>
                  <gmd:electronicMailAddress>
                    <gco:CharacterString>info@linz.govt.nz</gco:CharacterString>
                  </gmd:electronicMailAddress>
                </gmd:CI_Address>
              </gmd:address>
            </gmd:CI_Contact>
          </gmd:contactInfo>
          <gmd:role>
            <gmd:CI_RoleCode codeList="http://asdd.ga.gov.au/asdd/profileinfo/gmxCodelists.xml#CI_RoleCode" codeListValue="pointOfContact">pointOfContact</gmd:CI_RoleCode>
          </gmd:role>
        </gmd:CI_ResponsibleParty>
      </gmd:pointOfContact>
      <gmd:resourceMaintenance>
        <gmd:MD_MaintenanceInformation>
          <gmd:maintenanceAndUpdateFrequency>
            <gmd:MD_MaintenanceFrequencyCode codeList="http://asdd.ga.gov.au/asdd/profileinfo/gmxCodelists.xml#MD_MaintenanceFrequencyCode" codeListValue="notPlanned">notPlanned</gmd:MD_MaintenanceFrequencyCode>
          </gmd:maintenanceAndUpdateFrequency>
        </gmd:MD_MaintenanceInformation>
      </gmd:resourceMaintenance>
      <gmd:resourceFormat>
        <gmd:MD_Format>
          <gmd:name>
            <gco:CharacterString>*.xml</gco:CharacterString>
          </gmd:name>
          <gmd:version>
            <gco:CharacterString>Unknown</gco:CharacterString>
          </gmd:version>
        </gmd:MD_Format>
      </gmd:resourceFormat>
      <gmd:descriptiveKeywords>
        <gmd:MD_Keywords>
          <gmd:keyword>
            <gco:CharacterString>New Zealand</gco:CharacterString>
          </gmd:keyword>
          <gmd:type>
            <gmd:MD_KeywordTypeCode codeList="http://asdd.ga.gov.au/asdd/profileinfo/gmxCodelists.xml#MD_KeywordTypeCode" codeListValue="theme">theme</gmd:MD_KeywordTypeCode>
          </gmd:type>
          <gmd:thesaurusName>
            <gmd:CI_Citation>
              <gmd:title>
                <gco:CharacterString>ANZLIC Jurisdictions</gco:CharacterString>
              </gmd:title>
              <gmd:date>
                <gmd:CI_Date>
                  <gmd:date>
                    <gco:Date>2008-10-29</gco:Date>
                  </gmd:date>
                  <gmd:dateType>
                    <gmd:CI_DateTypeCode codeList="http://asdd.ga.gov.au/asdd/profileinfo/gmxCodelists.xml#CI_DateTypeCode" codeListValue="revision">revision</gmd:CI_DateTypeCode>
                  </gmd:dateType>
                </gmd:CI_Date>
              </gmd:date>
              <gmd:edition>
                <gco:CharacterString>Version 2.1</gco:CharacterString>
              </gmd:edition>
              <gmd:editionDate>
                <gco:Date>2008-10-29</gco:Date>
              </gmd:editionDate>
              <gmd:identifier>
                <gmd:MD_Identifier>
                  <gmd:code>
                    <gco:CharacterString>http://asdd.ga.gov.au/asdd/profileinfo/anzlic-jurisdic.xml#anzlic-jurisdic</gco:CharacterString>
                  </gmd:code>
                </gmd:MD_Identifier>
              </gmd:identifier>
              <gmd:citedResponsibleParty>
                <gmd:CI_ResponsibleParty>
                  <gmd:organisationName>
                    <gco:CharacterString>ANZLIC the Spatial Information Council</gco:CharacterString>
                  </gmd:organisationName>
                  <gmd:role>
                    <gmd:CI_RoleCode codeList="http://asdd.ga.gov.au/asdd/profileinfo/gmxCodelists.xml#CI_RoleCode" codeListValue="custodian">custodian</gmd:CI_RoleCode>
                  </gmd:role>
                </gmd:CI_ResponsibleParty>
              </gmd:citedResponsibleParty>
            </gmd:CI_Citation>
          </gmd:thesaurusName>
        </gmd:MD_Keywords>
      </gmd:descriptiveKeywords>
      <gmd:resourceConstraints>
        <gmd:MD_SecurityConstraints>
          <gmd:classification>
            <gmd:MD_ClassificationCode codeList="http://asdd.ga.gov.au/asdd/profileinfo/gmxCodelists.xml#MD_ClassificationCode" codeListValue="unclassified">unclassified</gmd:MD_ClassificationCode>
          </gmd:classification>
        </gmd:MD_SecurityConstraints>
      </gmd:resourceConstraints>
      <gmd:resourceConstraints>
        <gmd:MD_LegalConstraints>
          <gmd:useLimitation>
            <gco:CharacterString>Copyright in this work is owned by Waikato Regional Council
© Waikato Regional Council</gco:CharacterString>
          </gmd:useLimitation>
          <gmd:useConstraints>
            <gmd:MD_RestrictionCode codeList="http://asdd.ga.gov.au/asdd/profileinfo/gmxCodelists.xml#MD_RestrictionCode" codeListValue="copyright">copyright</gmd:MD_RestrictionCode>
          </gmd:useConstraints>
        </gmd:MD_LegalConstraints>
      </gmd:resourceConstraints>
      <gmd:resourceConstraints>
        <gmd:MD_LegalConstraints>
          <gmd:useLimitation>
            <gco:CharacterString>Released by Toitū Te Whenua Land Information New Zealand under Creative Commons Attribution 4.0 New Zealand (CC BY 4.0) with:

Following Attribution:
"Sourced from the LINZ Data Service and licensed by Waikato Regional Council, for re-use under CC BY 4.0."
For details see: https://www.linz.govt.nz/data/licensing-and-using-data/attributing-elevation-or-aerial-imagery-data</gco:CharacterString>
          </gmd:useLimitation>
          <gmd:useConstraints>
            <gmd:MD_RestrictionCode codeList="http://asdd.ga.gov.au/asdd/profileinfo/gmxCodelists.xml#MD_RestrictionCode" codeListValue="license">license</gmd:MD_RestrictionCode>
          </gmd:useConstraints>
        </gmd:MD_LegalConstraints>
      </gmd:resourceConstraints>
      <gmd:spatialRepresentationType>
        <gmd:MD_SpatialRepresentationTypeCode codeList="http://asdd.ga.gov.au/asdd/profileinfo/gmxCodelists.xml#MD_SpatialRepresentationTypeCode" codeListValue="grid">grid</gmd:MD_SpatialRepresentationTypeCode>
      </gmd:spatialRepresentationType>
      <gmd:spatialResolution>
        <gmd:MD_Resolution>
          <gmd:equivalentScale>
            <gmd:MD_RepresentativeFraction>
              <gmd:denominator>
                <gco:Integer>1000</gco:Integer>
              </gmd:denominator>
            </gmd:MD_RepresentativeFraction>
          </gmd:equivalentScale>
        </gmd:MD_Resolution>
      </gmd:spatialResolution>
      <gmd:language>
        <gco:CharacterString>eng</gco:CharacterString>
      </gmd:language>
      <gmd:characterSet>
        <gmd:MD_CharacterSetCode codeList="http://asdd.ga.gov.au/asdd/profileinfo/gmxCodelists.xml#MD_CharacterSetCode" codeListValue="utf8">utf8</gmd:MD_CharacterSetCode>
      </gmd:characterSet>
      <gmd:topicCategory>
        <gmd:MD_TopicCategoryCode>elevation</gmd:MD_TopicCategoryCode>
      </gmd:topicCategory>
      <gmd:extent>
        <gmd:EX_Extent>
          <gmd:geographicElement>
            <gmd:EX_GeographicDescription>
              <gmd:geographicIdentifier>
                <gmd:MD_Identifier>
                  <gmd:authority>
                    <gmd:CI_Citation>
                      <gmd:title>
                        <gco:CharacterString>ANZMet Lite Country codelist</gco:CharacterString>
                      </gmd:title>
                      <gmd:date>
                        <gmd:CI_Date>
                          <gmd:date>
                            <gco:Date>2009-03-31</gco:Date>
                          </gmd:date>
                          <gmd:dateType>
                            <gmd:CI_DateTypeCode codeList="http://asdd.ga.gov.au/asdd/profileinfo/gmxCodelists.xml#CI_DateTypeCode" codeListValue="publication">publication</gmd:CI_DateTypeCode>
                          </gmd:dateType>
                        </gmd:CI_Date>
                      </gmd:date>
                      <gmd:edition>
                        <gco:CharacterString>Version 1.0</gco:CharacterString>
                      </gmd:edition>
                      <gmd:editionDate>
                        <gco:Date>2009-03-31</gco:Date>
                      </gmd:editionDate>
                      <gmd:identifier>
                        <gmd:MD_Identifier>
                          <gmd:code>
                            <gco:CharacterString>http://asdd.ga.gov.au/asdd/profileinfo/anzlic-country.xml#Country</gco:CharacterString>
                          </gmd:code>
                        </gmd:MD_Identifier>
                      </gmd:identifier>
                      <gmd:citedResponsibleParty>
                        <gmd:CI_ResponsibleParty>
                          <gmd:organisationName>
                            <gco:CharacterString>ANZLIC the Spatial Information Council</gco:CharacterString>
                          </gmd:organisationName>
                          <gmd:role>
                            <gmd:CI_RoleCode codeList="http://asdd.ga.gov.au/asdd/profileinfo/gmxCodelists.xml#CI_RoleCode" codeListValue="custodian">custodian</gmd:CI_RoleCode>
                          </gmd:role>
                        </gmd:CI_ResponsibleParty>
                      </gmd:citedResponsibleParty>
                    </gmd:CI_Citation>
                  </gmd:authority>
                  <gmd:code>
                    <gco:CharacterString>nzl</gco:CharacterString>
                  </gmd:code>
                </gmd:MD_Identifier>
              </gmd:geographicIdentifier>
            </gmd:EX_GeographicDescription>
          </gmd:geographicElement>
        </gmd:EX_Extent>
      </gmd:extent>
      <gmd:extent>
        <gmd:EX_Extent>
          <gmd:geographicElement>
            <gmd:EX_GeographicBoundingBox>
              <gmd:westBoundLongitude>
                <gco:Decimal>174.60650683508499</gco:Decimal>
              </gmd:westBoundLongitude>
              <gmd:eastBoundLongitude>
                <gco:Decimal>176.32496953753966</gco:Decimal>
              </gmd:eastBoundLongitude>
              <gmd:southBoundLatitude>
                <gco:Decimal>-38.804918109604515</gco:Decimal>
              </gmd:southBoundLatitude>
              <gmd:northBoundLatitude>
                <gco:Decimal>-36.414000193743234</gco:Decimal>
              </gmd:northBoundLatitude>
            </gmd:EX_GeographicBoundingBox>
          </gmd:geographicElement>
        </gmd:EX_Extent>
      </gmd:extent>
    </gmd:MD_DataIdentification>
  </gmd:identificationInfo>
  <gmd:distributionInfo>
    <gmd:MD_Distribution>
      <gmd:transferOptions>
        <gmd:MD_DigitalTransferOptions>
          <gmd:onLine>
            <gmd:CI_OnlineResource>
              <gmd:linkage>
                <gmd:URL>https://data.linz.govt.nz/layer/113202-waikato-lidar-1m-dsm-2021/</gmd:URL>
              </gmd:linkage>
            </gmd:CI_OnlineResource>
          </gmd:onLine>
        </gmd:MD_DigitalTransferOptions>
      </gmd:transferOptions>
    </gmd:MD_Distribution>
  </gmd:distributionInfo>
  <gmd:dataQualityInfo>
    <gmd:DQ_DataQuality>
      <gmd:scope>
        <gmd:DQ_Scope>
          <gmd:level>
            <gmd:MD_ScopeCode codeList="http://asdd.ga.gov.au/asdd/profileinfo/gmxCodelists.xml#MD_ScopeCode" codeListValue="dataset">dataset</gmd:MD_ScopeCode>
          </gmd:level>
          <gmd:levelDescription>
            <gmd:MD_ScopeDescription>
              <gmd:other>
                <gco:CharacterString>dataset</gco:CharacterString>
              </gmd:other>
            </gmd:MD_ScopeDescription>
          </gmd:levelDescription>
        </gmd:DQ_Scope>
      </gmd:scope>
      <gmd:lineage>
        <gmd:LI_Lineage>
          <gmd:statement>
            <gco:CharacterString>Data Acquisition:


Airborne Laser Scanner (ALS) data was acquired from a fixed wing aircraft from 5th January 2021 to 25 March 2021, using a Lecia TerrainMapper-LN LiDAR system.



Survey Specification:


- Scanner: Lecia TerrainMapper-LN

- Scan angle: 20 degrees

- Pulse rate: 1,025,000 Hz

- Swath overlap: 20%

- Swath points per M^2: 4



Data Processing:


The LAS files created during the project during the Geopositioning phase and subsequent data 
cleaning and deliverable products are in ASPRS LAS 1.4 format, with PDRF 6. 

To verify that the project deliverables are in the correct LAS file format/version with PDRF, LP360 File Analyst was used. File Analyst performs exhaustive testing on the LAS file header and data records, and outputs the analysis results to an excel spreadsheet



LINZ PGF specification 6.2 requires that Each Global Navigation Satellite System (GNSS) aircraft positional measurement must be time stamped using Adjusted Global Positioning System (GPS) Time, at a precision enough to allow unique timestamps for each LiDAR pulse. For this project, LAS 1.4 with PDRF 6 has been delivered including, with Global Encoding bit set to 1.

 To verify GPS time is set to adjusted GPS time, LP360 File Analyst was used. File Analyst performs exhaustive testing on the LAS file header and data records, and outputs the analysis results to an excel spreadsheet. The Lidar technical manager reviewed this analysis to ensure that all deliverable LAS files are compliant.



LINZ PGF specification 6.3 requires that the required datum for latitude, longitude, and ellipsoid heights is the New Zealand Geodetic Datum 2000. The required vertical datum for normal-orthometric heights is NZVD2016 (Reference 9). Projected data products are to be delivered in NZTM2000 projection (Reference 10) with NZVD2016 normal-orthometric heights. The Survey Datums, Ground Control, Check Points and Lidar Geopositioning sections of the Project Methodology Statement describes in detail how the data is transformed and connected to the required project datum. 

To verify that the correct datum information is recorded in the LAS 1.4 header, LP360 File Analyst was used. File Analyst performs exhaustive testing on the LAS file header and data records, and outputs the analysis results to an excel spreadsheet. The Lidar Phase Manager reviewed this analysis to ensure that all deliverable LAS files have the correct CRS applied in the header.



Laser point position was calculated by associating the SBET position to each laser point return 
time, scan angle, intensity, etc. Raw laser point cloud data was created for the whole project 
area in LAS format. Line-to-line calibrations were then performed for system attitude 
parameters (pitch, roll, heading), mirror flex (scale) and GPS/IMU drift. 

Laser point position was calculated by associating the SBET position to each laser point return time, scan angle, intensity, etc. Raw laser point cloud data was created for the whole project area in LAS format. Line-to-line calibrations were then performed for system attitude parameters (pitch, roll, heading), mirror flex (scale) and GPS/IMU drift. 

Statistical reports were generated for comparison and used to make the necessary adjustments to remove any residual systematic error. These calibration adjustments were performed using a combination of automated and manual corrections to the data to develop the geometrically calibrated data set to be utilized for all downstream processes.



Validation of the point cloud positional accuracies is the primary outcome of the Lidar Geopositioning workflow phase, using surveyed ground control &amp; check points

Points classified as low noise (coverage class 7) and high noise (coverage class 18) will have the LAS withheld flag set.



Classification of the overlap points was done using TerraScan in Microstation. A macro step was created which allowed for points to be classified with the overlap bit by cutting the scan angle at zero degrees. The step used for the project dataset is illustrated in the figure below. This allowed for the overlap points to be withheld from DEM, DSM and intensity imagery generation.
 Verification of appropriate overlap flag application is performed using LP360 File Analyst. File Analyst performs exhaustive testing on the LAS file header and data records, and outputs the analysis results to an excel spreadsheet.



Point cloud classification is performed by automated classification algorithms developed by Woolpert’s senior Lidar analysts and reviewed by the Lidar technical manager. A first run automatic classification was carried out on the raw LiDAR points using TerraSolid’s TerraScan software to classify the LiDAR points into ground hits and non-ground hits.



As documented by TerraSolid, the ground routine classifies ground points by creating a triangulated surface model iteratively. The routine is best suited for classifying ground in airborne laser data sets and in data sets where there is mainly natural terrain. 

For classifying ground in mobile data sets where the majority of ground is on hard surfaces, such as roads, use the Hard surface routine instead of the ground routine. The routine is sensitive to low error points in the point cloud. Therefore, you should run one or more classification steps using the Low points routine before classifying ground. A more complex classification strategy is required for classifying ground in photogrammetric point clouds. 

The ground routine starts by selecting local low points that are confident hits on the ground. The initial point selection is controlled with the Max building size parameter. If the maximum building size is, for example, set to 60.0 m, The routine assumes that any 60 by 60 m area has at least one point on the ground level and that the lowest point is on the ground level. Then, the routine builds a surface model (TIN) from the initial ground points. The triangles in this initial model are mostly below the ground level and only the vertices are touching the ground. In the following iterations, the routine molds the model upwards by adding more and more points. Each added point makes the model following the true ground surface more closely. 

The iteration parameters of the routine determine how close a point must be to a triangle plane for being accepted as ground point and added to the model. Iteration angle is the maximum angle between a point, its projection on the triangle plane and the closest triangle vertex. This is the main parameter controlling how many points are classified into the ground class. The smaller the Iteration angle, the less eager the routine is to follow variation in the ground level, such as small undulations in terrain or points on low vegetation. Use a smaller angle value (close to 4.0) in flat terrain and a bigger value (close to 10.0) in mountainous terrain are large. This avoids ground points that are too high, for example within low vegetation or on low buildings.



The iteration angle can be reduced automatically if the triangles become small. This reduces the eagerness to classify more ground points inside small triangles and thus, avoids unnecessary point density of the ground model thus avoiding redundancy of inclusion of unnecessary ground points. Related to this it is common to see default classified points within a classified ground point cloud surface. 

The iteration angle inside small triangles approaches zero if the longest triangle edge is shorter than a given Edge length value. Furthermore, the iteration can be stopped completely if triangle edges are shorter than a given limit. After completion of the automated classification, a strenuous manual classification was carried out over the required area to edit the points thus minimizing gross classification errors that may have occurred in the automatic classification process. 

Each block’s data was checked in a systematic approach to reduce missing important features. Orthogonal views with background orthoimagery, and profile views are used to review the performance of the automatic classification results. Tools such as ‘Classify using brush’, ’Classify above line’ and ‘Add Point to Ground’ (all found within TerraScan) were used during manual classification, to achieve classification accuracy meeting project specifications. Before handover files were created, checks were done on the project’s points by viewing statistics within TerraScan as illustrated in the figure below.



Please refer to the dataset report for point cloud spatial accuracy check statistics.



All product deliverables supplied in terms of NZTM map projection and NZVD2016 vertical datum.



Classification of the point cloud followed the classifications scheme below:


1- Unclassified

2 - Ground

3 - Low Vegetation

4 - Medium Vegetation

5 - High Vegetation

6 - Buildings

7 - Low Noise

9 - Water

17 - Bridge deck

18 - High Noise



The classification was undertaken in accord with the project specification (Land Information New Zealand, 2020, PGF Version: New Zealand National Aerial LiDAR Base Specification, January 2020).



To generate DEMs, LAS format data files are loaded into TerraScan, only loading in class 2 points and breaklines. Additional data is referenced to avoid tile edge artefacts. Following import, TerraScan-Export Lattice Model command is used to create a grid file with uniform distances between points from one or more selected point classes. For each grid point, the lattice model file stores XY coordinates and elevation. Within the Export Lattice Models command we utilize “Triangulated model Z” to export the DEM tiffs. This triangulated model z derives an elevation value that is calculated from a TIN model of the lidar points using ground and breakline classifications.



To generate DSMs, LAS format data files are loaded into TerraScan, only loading in First, First-of-many and Single returns. Additional data is loaded to avoid tile edge artefacts. Only coverage classed 1 to 6 and; 17 points will be used in generation of Digital Surface Models. The elevation grid is generated as a TerraScan Lattice Model using Binning interpolation at 1m cell size.

Hydro-flattening has been performed on the DEM with the incorporation of hydro-flattening features into DEM where islands are 5,000 sq m or larger, ponds and lakes are 10,000 sq m or larger and rivers are ≥30m nominal width.  These features are used in the creation of the DEM to reduce the presence of artifacts in the DEM where the point cloud points alone aren’t sufficient to model the landscape. For work where the data is to be used for detailed hydrological modelling hydro-enforcement and enhancement may be required.



The deliverables to LINZ were:


- 1m gridded bare earth digital elevation model (DEM)

- 1m gridded digital surface model (DSM)
- 
Classified point cloud



Prior to publication, LINZ made the following manual fixes:

- DSM tiles with missing bridge decks

- DEM and DSM aerosol artefacts, and general processing artefacts
- Removed obvoious low-lying crops from DEM
- Noise classed as vegetation
- Noise classed as ground
- Low vegetation classed as ground



Caveats with this dataset include:

1. Small steps in elevation can be observed in some areas of flat relief, 

2. Visible elevation differences in some areas joining block deliverables,
3. Aerosols and noise present in the DSM in some areas of clear open ground, and
4. One large data void, seemingly related to increased atmospherics over a forestry industry plot.

A considerable effort was undertaken by WRC and LINZ to make the the dataset fit within a national framework and establish consistency accross the entire region.</gco:CharacterString>
          </gmd:statement>
        </gmd:LI_Lineage>
      </gmd:lineage>
    </gmd:DQ_DataQuality>
  </gmd:dataQualityInfo>
  <gmd:metadataConstraints>
    <gmd:MD_LegalConstraints>
      <gmd:useLimitation>
        <gco:CharacterString>Copyright of this work is owned byToitū Te Whenua Land Information New Zealand
© LINZ</gco:CharacterString>
      </gmd:useLimitation>
      <gmd:useConstraints>
        <gmd:MD_RestrictionCode codeList="http://asdd.ga.gov.au/asdd/profileinfo/gmxCodelists.xml#MD_RestrictionCode" codeListValue="copyright">copyright</gmd:MD_RestrictionCode>
      </gmd:useConstraints>
    </gmd:MD_LegalConstraints>
  </gmd:metadataConstraints>
  <gmd:metadataConstraints>
    <gmd:MD_LegalConstraints>
      <gmd:useLimitation>
        <gco:CharacterString>Released by Toitū Te Whenua Land Information New Zealand under Creative Commons Attribution 4.0 International (CC BY 4.0) with:

Following Attribution:

"Sourced from the LINZ Data Service and licensed for reuse under CC BY 4.0"

For details see https://www.linz.govt.nz/data/licensing-and-using-data/attributing-linz-data</gco:CharacterString>
      </gmd:useLimitation>
      <gmd:useConstraints>
        <gmd:MD_RestrictionCode codeList="http://asdd.ga.gov.au/asdd/profileinfo/gmxCodelists.xml#MD_RestrictionCode" codeListValue="license">license</gmd:MD_RestrictionCode>
      </gmd:useConstraints>
    </gmd:MD_LegalConstraints>
  </gmd:metadataConstraints>
</gmd:MD_Metadata>